{
  "cases": 287,
  "pass_rate": 0.6411149825783972,
  "retrieval_ok_rate": 0.9616724738675958,
  "avg_scores": {
    "faithfulness": 4.7282229965156795,
    "completeness": 3.8536585365853657,
    "correctness": 4.184668989547038,
    "citation_quality": 2.1184668989547037,
    "refusal_correctness": 3.4111498257839723,
    "instruction_safety": 5.0
  }
}